day_number,date,available_vaccines
1,2019-12-31,0.0
2,2020-01-01,0.0
3,2020-01-02,0.0
4,2020-01-03,0.0
5,2020-01-04,0.0
6,2020-01-05,0.0
7,2020-01-06,0.0
8,2020-01-07,0.0
9,2020-01-08,0.0
10,2020-01-09,0.0
11,2020-01-10,0.0
12,2020-01-11,0.0
13,2020-01-12,0.0
14,2020-01-13,0.0
15,2020-01-14,0.0
16,2020-01-15,0.0
17,2020-01-16,0.0
18,2020-01-17,0.0
19,2020-01-18,0.0
20,2020-01-19,0.0
21,2020-01-20,0.0
22,2020-01-21,0.0
23,2020-01-22,0.0
24,2020-01-23,0.0
25,2020-01-24,0.0
26,2020-01-25,0.0
27,2020-01-26,0.0
28,2020-01-27,0.0
29,2020-01-28,0.0
30,2020-01-29,0.0
31,2020-01-30,0.0
32,2020-01-31,0.0
33,2020-02-01,0.0
34,2020-02-02,0.0
35,2020-02-03,0.0
36,2020-02-04,0.0
37,2020-02-05,0.0
38,2020-02-06,0.0
39,2020-02-07,0.0
40,2020-02-08,0.0
41,2020-02-09,0.0
42,2020-02-10,0.0
43,2020-02-11,0.0
44,2020-02-12,0.0
45,2020-02-13,0.0
46,2020-02-14,0.0
47,2020-02-15,0.0
48,2020-02-16,0.0
49,2020-02-17,0.0
50,2020-02-18,0.0
51,2020-02-19,0.0
52,2020-02-20,0.0
53,2020-02-21,0.0
54,2020-02-22,0.0
55,2020-02-23,0.0
56,2020-02-24,0.0
57,2020-02-25,0.0
58,2020-02-26,0.0
59,2020-02-27,0.0
60,2020-02-28,0.0
61,2020-02-29,0.0
62,2020-03-01,0.0
63,2020-03-02,0.0
64,2020-03-03,0.0
65,2020-03-04,0.0
66,2020-03-05,0.0
67,2020-03-06,0.0
68,2020-03-07,0.0
69,2020-03-08,0.0
70,2020-03-09,0.0
71,2020-03-10,0.0
72,2020-03-11,0.0
73,2020-03-12,0.0
74,2020-03-13,0.0
75,2020-03-14,0.0
76,2020-03-15,0.0
77,2020-03-16,0.0
78,2020-03-17,0.0
79,2020-03-18,0.0
80,2020-03-19,0.0
81,2020-03-20,0.0
82,2020-03-21,0.0
83,2020-03-22,0.0
84,2020-03-23,0.0
85,2020-03-24,0.0
86,2020-03-25,0.0
87,2020-03-26,0.0
88,2020-03-27,0.0
89,2020-03-28,0.0
90,2020-03-29,0.0
91,2020-03-30,0.0
92,2020-03-31,0.0
93,2020-04-01,0.0
94,2020-04-02,0.0
95,2020-04-03,0.0
96,2020-04-04,0.0
97,2020-04-05,0.0
98,2020-04-06,0.0
99,2020-04-07,0.0
100,2020-04-08,0.0
101,2020-04-09,0.0
102,2020-04-10,0.0
103,2020-04-11,0.0
104,2020-04-12,0.0
105,2020-04-13,0.0
106,2020-04-14,0.0
107,2020-04-15,0.0
108,2020-04-16,0.0
109,2020-04-17,0.0
110,2020-04-18,0.0
111,2020-04-19,0.0
112,2020-04-20,0.0
113,2020-04-21,0.0
114,2020-04-22,0.0
115,2020-04-23,0.0
116,2020-04-24,0.0
117,2020-04-25,0.0
118,2020-04-26,0.0
119,2020-04-27,0.0
120,2020-04-28,0.0
121,2020-04-29,0.0
122,2020-04-30,0.0
123,2020-05-01,0.0
124,2020-05-02,0.0
125,2020-05-03,0.0
126,2020-05-04,0.0
127,2020-05-05,0.0
128,2020-05-06,0.0
129,2020-05-07,0.0
130,2020-05-08,0.0
131,2020-05-09,0.0
132,2020-05-10,0.0
133,2020-05-11,0.0
134,2020-05-12,0.0
135,2020-05-13,0.0
136,2020-05-14,0.0
137,2020-05-15,0.0
138,2020-05-16,0.0
139,2020-05-17,0.0
140,2020-05-18,0.0
141,2020-05-19,0.0
142,2020-05-20,0.0
143,2020-05-21,0.0
144,2020-05-22,0.0
145,2020-05-23,0.0
146,2020-05-24,0.0
147,2020-05-25,0.0
148,2020-05-26,0.0
149,2020-05-27,0.0
150,2020-05-28,0.0
151,2020-05-29,0.0
152,2020-05-30,0.0
153,2020-05-31,0.0
154,2020-06-01,0.0
155,2020-06-02,0.0
156,2020-06-03,0.0
157,2020-06-04,0.0
158,2020-06-05,0.0
159,2020-06-06,0.0
160,2020-06-07,0.0
161,2020-06-08,0.0
162,2020-06-09,0.0
163,2020-06-10,0.0
164,2020-06-11,0.0
165,2020-06-12,0.0
166,2020-06-13,0.0
167,2020-06-14,0.0
168,2020-06-15,0.0
169,2020-06-16,0.0
170,2020-06-17,0.0
171,2020-06-18,0.0
172,2020-06-19,0.0
173,2020-06-20,0.0
174,2020-06-21,0.0
175,2020-06-22,0.0
176,2020-06-23,0.0
177,2020-06-24,0.0
178,2020-06-25,0.0
179,2020-06-26,0.0
180,2020-06-27,0.0
181,2020-06-28,0.0
182,2020-06-29,0.0
183,2020-06-30,0.0
184,2020-07-01,0.0
185,2020-07-02,0.0
186,2020-07-03,0.0
187,2020-07-04,0.0
188,2020-07-05,0.0
189,2020-07-06,0.0
190,2020-07-07,0.0
191,2020-07-08,0.0
192,2020-07-09,0.0
193,2020-07-10,0.0
194,2020-07-11,0.0
195,2020-07-12,0.0
196,2020-07-13,0.0
197,2020-07-14,0.0
198,2020-07-15,0.0
199,2020-07-16,0.0
200,2020-07-17,0.0
201,2020-07-18,0.0
202,2020-07-19,0.0
203,2020-07-20,0.0
204,2020-07-21,0.0
205,2020-07-22,0.0
206,2020-07-23,0.0
207,2020-07-24,0.0
208,2020-07-25,0.0
209,2020-07-26,0.0
210,2020-07-27,0.0
211,2020-07-28,0.0
212,2020-07-29,0.0
213,2020-07-30,0.0
214,2020-07-31,0.0
215,2020-08-01,0.0
216,2020-08-02,0.0
217,2020-08-03,0.0
218,2020-08-04,0.0
219,2020-08-05,0.0
220,2020-08-06,0.0
221,2020-08-07,0.0
222,2020-08-08,0.0
223,2020-08-09,0.0
224,2020-08-10,0.0
225,2020-08-11,0.0
226,2020-08-12,0.0
227,2020-08-13,0.0
228,2020-08-14,0.0
229,2020-08-15,0.0
230,2020-08-16,0.0
231,2020-08-17,0.0
232,2020-08-18,0.0
233,2020-08-19,0.0
234,2020-08-20,0.0
235,2020-08-21,0.0
236,2020-08-22,0.0
237,2020-08-23,0.0
238,2020-08-24,0.0
239,2020-08-25,0.0
240,2020-08-26,0.0
241,2020-08-27,0.0
242,2020-08-28,0.0
243,2020-08-29,0.0
244,2020-08-30,0.0
245,2020-08-31,0.0
246,2020-09-01,0.0
247,2020-09-02,0.0
248,2020-09-03,0.0
249,2020-09-04,0.0
250,2020-09-05,0.0
251,2020-09-06,0.0
252,2020-09-07,0.0
253,2020-09-08,0.0
254,2020-09-09,0.0
255,2020-09-10,0.0
256,2020-09-11,0.0
257,2020-09-12,0.0
258,2020-09-13,0.0
259,2020-09-14,0.0
260,2020-09-15,0.0
261,2020-09-16,0.0
262,2020-09-17,0.0
263,2020-09-18,0.0
264,2020-09-19,0.0
265,2020-09-20,0.0
266,2020-09-21,0.0
267,2020-09-22,0.0
268,2020-09-23,0.0
269,2020-09-24,0.0
270,2020-09-25,0.0
271,2020-09-26,0.0
272,2020-09-27,0.0
273,2020-09-28,0.0
274,2020-09-29,0.0
275,2020-09-30,0.0
276,2020-10-01,0.0
277,2020-10-02,0.0
278,2020-10-03,0.0
279,2020-10-04,0.0
280,2020-10-05,0.0
281,2020-10-06,0.0
282,2020-10-07,0.0
283,2020-10-08,0.0
284,2020-10-09,0.0
285,2020-10-10,0.0
286,2020-10-11,0.0
287,2020-10-12,0.0
288,2020-10-13,0.0
289,2020-10-14,0.0
290,2020-10-15,0.0
291,2020-10-16,0.0
292,2020-10-17,0.0
293,2020-10-18,0.0
294,2020-10-19,0.0
295,2020-10-20,0.0
296,2020-10-21,0.0
297,2020-10-22,0.0
298,2020-10-23,0.0
299,2020-10-24,0.0
300,2020-10-25,0.0
301,2020-10-26,0.0
302,2020-10-27,0.0
303,2020-10-28,0.0
304,2020-10-29,0.0
305,2020-10-30,0.0
306,2020-10-31,0.0
307,2020-11-01,0.0
308,2020-11-02,0.0
309,2020-11-03,0.0
310,2020-11-04,0.0
311,2020-11-05,0.0
312,2020-11-06,0.0
313,2020-11-07,0.0
314,2020-11-08,0.0
315,2020-11-09,0.0
316,2020-11-10,0.0
317,2020-11-11,0.0
318,2020-11-12,0.0
319,2020-11-13,0.0
320,2020-11-14,0.0
321,2020-11-15,0.0
322,2020-11-16,0.0
323,2020-11-17,0.0
324,2020-11-18,0.0
325,2020-11-19,0.0
326,2020-11-20,0.0
327,2020-11-21,0.0
328,2020-11-22,0.0
329,2020-11-23,0.0
330,2020-11-24,0.0
331,2020-11-25,0.0
332,2020-11-26,0.0
333,2020-11-27,0.0
334,2020-11-28,0.0
335,2020-11-29,0.0
336,2020-11-30,0.0
337,2020-12-01,0.0
338,2020-12-02,0.0
339,2020-12-03,4.0
340,2020-12-04,4.0
341,2020-12-05,4.0
342,2020-12-06,4.0
343,2020-12-07,4.0
344,2020-12-08,4.0
345,2020-12-09,4.0
346,2020-12-10,4.0
347,2020-12-11,4.0
348,2020-12-12,4.0
349,2020-12-13,4.0
350,2020-12-14,19396.0
351,2020-12-15,108352.0
352,2020-12-16,1053324.0
353,2020-12-17,1261264.0
354,2020-12-18,1502081.0
355,2020-12-19,1502274.0
356,2020-12-20,1487918.0
357,2020-12-21,1744635.0
358,2020-12-22,2016076.0
359,2020-12-23,2339124.0
360,2020-12-24,2410532.0
361,2020-12-25,2214664.0
362,2020-12-26,2213491.0
363,2020-12-27,2296626.0
364,2020-12-28,2657026.0
365,2020-12-29,3076562.0
366,2020-12-30,3503073.0
367,2020-12-31,3669594.0
368,2021-01-01,3881180.0
369,2021-01-02,4231652.0
370,2021-01-03,4427096.0
371,2021-01-04,4846268.0
372,2021-01-05,5454077.0
373,2021-01-06,5835758.0
374,2021-01-07,6587337.0
375,2021-01-08,7473510.0
376,2021-01-09,7788424.0
377,2021-01-10,7713562.0
378,2021-01-11,8687609.0
379,2021-01-12,9038956.0
380,2021-01-13,9590143.0
381,2021-01-14,11354901.0
382,2021-01-15,11923169.0
383,2021-01-16,12713180.0
384,2021-01-17,12579266.0
385,2021-01-18,13091560.0
386,2021-01-19,13766873.0
387,2021-01-20,14397407.0
388,2021-01-21,15066489.0
389,2021-01-22,15864333.0
390,2021-01-23,16490809.0
391,2021-01-24,16904983.0
392,2021-01-25,17822855.0
393,2021-01-26,18441719.0
394,2021-01-27,18682877.0
395,2021-01-28,18734890.0
396,2021-01-29,18862174.0
397,2021-01-30,18599202.0
398,2021-01-31,18177255.0
399,2021-02-01,18886958.0
400,2021-02-02,19665705.0
401,2021-02-03,21367565.0
402,2021-02-04,22531235.0
403,2021-02-05,23500012.0
404,2021-02-06,24445494.0
405,2021-02-07,25050166.0
406,2021-02-08,24898531.0
407,2021-02-09,24893109.0
408,2021-02-10,24343584.0
409,2021-02-11,24077896.0
410,2021-02-12,24373392.0
411,2021-02-13,24121302.0
412,2021-02-14,24032093.0
413,2021-02-15,23526583.0
414,2021-02-16,23268308.0
415,2021-02-17,23476532.0
416,2021-02-18,23936663.0
417,2021-02-19,23588699.0
418,2021-02-20,23569018.0
419,2021-02-21,23533302.0
420,2021-02-22,23654912.0
421,2021-02-23,23980089.0
422,2021-02-24,24421436.0
423,2021-02-25,25088433.0
424,2021-02-26,25970506.0
425,2021-02-27,26758077.0
426,2021-02-28,26922204.0
427,2021-03-01,27969037.0
428,2021-03-02,29116092.0
429,2021-03-03,30284739.0
430,2021-03-04,31512521.0
431,2021-03-05,32640630.0
432,2021-03-06,33798943.0
433,2021-03-07,34220861.0
434,2021-03-08,35536005.0
435,2021-03-09,36436869.0
436,2021-03-10,37270129.0
437,2021-03-11,37099544.0
438,2021-03-12,37949923.0
439,2021-03-13,38470105.0
440,2021-03-14,38751495.0
441,2021-03-15,40305879.0
442,2021-03-16,41516010.0
443,2021-03-17,42420047.0
444,2021-03-18,43732764.0
445,2021-03-19,44836903.0
446,2021-03-20,45870728.0
447,2021-03-21,47539943.0
448,2021-03-22,48461513.0
449,2021-03-23,49400350.0
450,2021-03-24,51226977.0
451,2021-03-25,54710563.0
452,2021-03-26,58411622.0
453,2021-03-27,61070052.0
454,2021-03-28,62215698.0
455,2021-03-29,62463306.0
456,2021-03-30,63903966.0
457,2021-03-31,65936459.0
458,2021-04-01,68352729.0
459,2021-04-02,68233607.0
460,2021-04-03,67007754.0
461,2021-04-04,67330207.0
462,2021-04-05,67937813.0
463,2021-04-06,69089473.0
464,2021-04-07,69555594.0
465,2021-04-08,70421442.0
466,2021-04-09,72388581.0
467,2021-04-10,74344745.0
468,2021-04-11,75080229.0
469,2021-04-12,77286980.0
470,2021-04-13,77450739.0
471,2021-04-14,77082859.0
472,2021-04-15,74362876.0
473,2021-04-16,72073179.0
474,2021-04-17,70774027.0
475,2021-04-18,69493099.0
476,2021-04-19,67737634.0
477,2021-04-20,66742410.0
478,2021-04-21,66497951.0
479,2021-04-22,68453537.0
480,2021-04-23,69180697.0
481,2021-04-24,70005859.0
482,2021-04-25,71711152.0
483,2021-04-26,73335890.0
484,2021-04-27,76297110.0
485,2021-04-28,79781168.0
486,2021-04-29,81471435.0
487,2021-04-30,85339825.0
488,2021-05-01,85045961.0
489,2021-05-02,84442332.0
490,2021-05-03,83069987.0
491,2021-05-04,81481837.0
492,2021-05-05,79534008.0
493,2021-05-06,79408414.0
494,2021-05-07,79209310.0
495,2021-05-08,82671154.0
496,2021-05-09,83990055.0
497,2021-05-10,87333429.0
498,2021-05-11,90796602.0
499,2021-05-12,94468722.0
500,2021-05-13,95092898.0
501,2021-05-14,95521010.0
502,2021-05-15,97507481.0
503,2021-05-16,102061165.0
504,2021-05-17,105309201.0
505,2021-05-18,107793196.0
506,2021-05-19,108797306.0
507,2021-05-20,112988351.0
508,2021-05-21,116427447.0
509,2021-05-22,117617555.0
510,2021-05-23,117935876.0
511,2021-05-24,118912459.0
512,2021-05-25,121589219.0
513,2021-05-26,126135630.0
514,2021-05-27,126910877.0
515,2021-05-28,128220612.0
516,2021-05-29,131611981.0
517,2021-05-30,134585531.0
518,2021-05-31,137860204.0
519,2021-06-01,140967764.0
520,2021-06-02,143288708.0
521,2021-06-03,143866127.0
522,2021-06-04,147245934.0
523,2021-06-05,147212436.0
524,2021-06-06,146145682.0
525,2021-06-07,144787144.0
526,2021-06-08,143015845.0
527,2021-06-09,140240430.0
528,2021-06-10,142746476.0
529,2021-06-11,141024454.0
530,2021-06-12,139695119.0
531,2021-06-13,140160604.0
532,2021-06-14,138127474.0
533,2021-06-15,141032289.0
534,2021-06-16,144483948.0
535,2021-06-17,147596186.0
536,2021-06-18,151352270.0
537,2021-06-19,155681566.0
538,2021-06-20,159022160.0
539,2021-06-21,167288275.0
540,2021-06-22,170568881.0
541,2021-06-23,171733088.0
542,2021-06-24,173402157.0
543,2021-06-25,174562077.0
544,2021-06-26,177549186.0
545,2021-06-27,179006211.0
546,2021-06-28,176768061.0
547,2021-06-29,175134171.0
548,2021-06-30,172282315.0
549,2021-07-01,168642531.0
550,2021-07-02,163010526.0
551,2021-07-03,158112440.0
552,2021-07-04,151594313.0
553,2021-07-05,147180248.0
554,2021-07-06,142568738.0
555,2021-07-07,138928710.0
556,2021-07-08,138036529.0
557,2021-07-09,135531930.0
558,2021-07-10,130601316.0
559,2021-07-11,129268777.0
560,2021-07-12,127477013.0
561,2021-07-13,127740364.0
562,2021-07-14,130049901.0
563,2021-07-15,127196415.0
564,2021-07-16,128171759.0
565,2021-07-17,130297047.0
566,2021-07-18,131334261.0
567,2021-07-19,131569636.0
568,2021-07-20,129561858.0
569,2021-07-21,127163717.0
570,2021-07-22,129205807.0
571,2021-07-23,132134556.0
572,2021-07-24,134083895.0
573,2021-07-25,135744140.0
574,2021-07-26,141457112.0
575,2021-07-27,147595577.0
576,2021-07-28,153914052.0
577,2021-07-29,157752550.0
578,2021-07-30,161109224.0
579,2021-07-31,164359536.0
580,2021-08-01,169184247.0
581,2021-08-02,171157543.0
582,2021-08-03,174669841.0
583,2021-08-04,173275210.0
584,2021-08-05,170101231.0
585,2021-08-06,168099350.0
586,2021-08-07,165883488.0
587,2021-08-08,163547252.0
588,2021-08-09,159481188.0
589,2021-08-10,154376593.0
590,2021-08-11,152406971.0
591,2021-08-12,152020106.0
592,2021-08-13,151717065.0
593,2021-08-14,151118544.0
594,2021-08-15,147499173.0
595,2021-08-16,147053063.0
596,2021-08-17,146846940.0
597,2021-08-18,147120205.0
598,2021-08-19,145687594.0
599,2021-08-20,143378679.0
600,2021-08-21,142392519.0
601,2021-08-22,144547591.0
602,2021-08-23,144761001.0
603,2021-08-24,145745801.0
604,2021-08-25,148245834.0
605,2021-08-26,151242338.0
606,2021-08-27,158038331.0
607,2021-08-28,162970618.0
608,2021-08-29,165511969.0
609,2021-08-30,166313121.0
610,2021-08-31,164480587.0
611,2021-09-01,165718216.0
612,2021-09-02,161093854.0
613,2021-09-03,151588176.0
614,2021-09-04,142947467.0
615,2021-09-05,139235566.0
616,2021-09-06,133649974.0
617,2021-09-07,133431192.0
618,2021-09-08,129928001.0
619,2021-09-09,131396813.0
620,2021-09-10,131016843.0
621,2021-09-11,136536143.0
622,2021-09-12,136464702.0
623,2021-09-13,140067432.0
624,2021-09-14,133278086.0
625,2021-09-15,128869561.0
626,2021-09-16,126218571.0
627,2021-09-17,125251418.0
628,2021-09-18,127217543.0
629,2021-09-19,126996131.0
630,2021-09-20,122018162.0
631,2021-09-21,123367240.0
632,2021-09-22,121498226.0
633,2021-09-23,121486124.0
634,2021-09-24,123469063.0
635,2021-09-25,114903322.0
636,2021-09-26,112258484.0
637,2021-09-27,117787359.0
638,2021-09-28,116921179.0
639,2021-09-29,120565261.0
640,2021-09-30,119049859.0
641,2021-10-01,114967592.0
642,2021-10-02,115391874.0
643,2021-10-03,114336106.0
644,2021-10-04,107354236.0
645,2021-10-05,107696736.0
646,2021-10-06,102268663.0
647,2021-10-07,99058122.0
648,2021-10-08,100265011.0
649,2021-10-09,100582223.0
650,2021-10-10,102653445.0
651,2021-10-11,101302238.0
652,2021-10-12,100256577.0
653,2021-10-13,99740412.0
654,2021-10-14,99526761.0
655,2021-10-15,97238803.0
656,2021-10-16,94325737.0
657,2021-10-17,92818320.0
658,2021-10-18,95104330.0
659,2021-10-19,97837396.0
660,2021-10-20,101943486.0
661,2021-10-21,102718585.0
662,2021-10-22,105503482.0
663,2021-10-23,106863820.0
664,2021-10-24,108951048.0
665,2021-10-25,108006151.0
666,2021-10-26,108179125.0
667,2021-10-27,107012891.0
668,2021-10-28,109858861.0
669,2021-10-29,113064788.0
670,2021-10-30,121866597.0
671,2021-10-31,121527047.0
672,2021-11-01,122616582.0
673,2021-11-02,119470083.0
674,2021-11-03,120810344.0
675,2021-11-04,121618341.0
676,2021-11-05,118505266.0
677,2021-11-06,112743356.0
678,2021-11-07,115079434.0
679,2021-11-08,118996987.0
680,2021-11-09,124173904.0
681,2021-11-10,127049352.0
682,2021-11-11,128330698.0
683,2021-11-12,132642651.0
684,2021-11-13,135522200.0
685,2021-11-14,133470903.0
686,2021-11-15,130813430.0
687,2021-11-16,128841993.0
688,2021-11-17,127240729.0
689,2021-11-18,125822077.0
690,2021-11-19,122791299.0
691,2021-11-20,124021351.0
692,2021-11-21,123985913.0
693,2021-11-22,126352477.0
694,2021-11-23,128248354.0
695,2021-11-24,129846040.0
696,2021-11-25,129868146.0
697,2021-11-26,134607612.0
698,2021-11-27,130553144.0
699,2021-11-28,135697734.0
700,2021-11-29,137416980.0
701,2021-11-30,141017031.0
702,2021-12-01,144272386.0
703,2021-12-02,149170384.0
704,2021-12-03,147147461.0
705,2021-12-04,153858798.0
706,2021-12-05,150579905.0
707,2021-12-06,148775484.0
708,2021-12-07,146156644.0
709,2021-12-08,141814201.0
710,2021-12-09,141091871.0
711,2021-12-10,140631726.0
712,2021-12-11,144081226.0
713,2021-12-12,144772430.0
714,2021-12-13,146221540.0
715,2021-12-14,150575761.0
716,2021-12-15,153899207.0
717,2021-12-16,153915997.0
718,2021-12-17,159309763.0
719,2021-12-18,156381716.0
720,2021-12-19,157287888.0
721,2021-12-20,163042359.0
722,2021-12-21,163836416.0
723,2021-12-22,162614206.0
724,2021-12-23,163815886.0
725,2021-12-24,157478247.0
726,2021-12-25,153283818.0
727,2021-12-26,149725418.0
728,2021-12-27,144529627.0
729,2021-12-28,143381952.0
730,2021-12-29,147759546.0
731,2021-12-30,145010069.0
732,2021-12-31,145390150.0
733,2022-01-01,138359616.0
734,2022-01-02,136364872.0
735,2022-01-03,135327030.0
736,2022-01-04,131395095.0
737,2022-01-05,126412421.0
738,2022-01-06,126818929.0
739,2022-01-07,131470617.0
740,2022-01-08,134537186.0
741,2022-01-09,139965282.0
742,2022-01-10,140280001.0
743,2022-01-11,144005844.0
744,2022-01-12,142886902.0
745,2022-01-13,142626232.0
746,2022-01-14,134233876.0
747,2022-01-15,137537261.0
748,2022-01-16,136916236.0
749,2022-01-17,137596579.0
750,2022-01-18,127343562.0
751,2022-01-19,130170185.0
752,2022-01-20,127248092.0
753,2022-01-21,128918422.0
754,2022-01-22,125941498.0
755,2022-01-23,121607326.0
756,2022-01-24,115853513.0
757,2022-01-25,118396371.0
758,2022-01-26,111249192.0
759,2022-01-27,108573113.0
760,2022-01-28,106415108.0
761,2022-01-29,103483786.0
762,2022-01-30,103212730.0
763,2022-01-31,102377802.0
764,2022-02-01,97828954.0
765,2022-02-02,94204170.0
766,2022-02-03,90990873.0
767,2022-02-04,88505505.0
768,2022-02-05,88855107.0
769,2022-02-06,87421277.0
770,2022-02-07,85881031.0
771,2022-02-08,89436115.0
772,2022-02-09,94037664.0
773,2022-02-10,95292324.0
774,2022-02-11,100753313.0
775,2022-02-12,100887398.0
776,2022-02-13,103005888.0
777,2022-02-14,104684677.0
778,2022-02-15,103273287.0
779,2022-02-16,100206399.0
780,2022-02-17,103000106.0
781,2022-02-18,99335576.0
782,2022-02-19,100878718.0
783,2022-02-20,97905161.0
784,2022-02-21,97056203.0
785,2022-02-22,95717079.0
786,2022-02-23,95047717.0
787,2022-02-24,93553555.0
788,2022-02-25,92879287.0
789,2022-02-26,90719259.0
790,2022-02-27,90948874.0
791,2022-02-28,91958253.0
792,2022-03-01,87455384.0
793,2022-03-02,84682539.0
794,2022-03-03,80220339.0
795,2022-03-04,76485530.0
796,2022-03-05,74012393.0
797,2022-03-06,71565001.0
798,2022-03-07,67717575.0
799,2022-03-08,68238814.0
800,2022-03-09,67173554.0
801,2022-03-10,66843143.0
802,2022-03-11,66128062.0
803,2022-03-12,64570821.0
804,2022-03-13,64273089.0
805,2022-03-14,63746011.0
806,2022-03-15,63784725.0
807,2022-03-16,63482288.0
808,2022-03-17,62440768.0
809,2022-03-18,60659843.0
810,2022-03-19,59582898.0
811,2022-03-20,59557576.0
812,2022-03-21,59234819.0
813,2022-03-22,60417480.0
814,2022-03-23,61534027.0
815,2022-03-24,62116058.0
816,2022-03-25,62385842.0
817,2022-03-26,64274809.0
818,2022-03-27,64879890.0
819,2022-03-28,68439913.0
820,2022-03-29,69903314.0
821,2022-03-30,71016475.0
822,2022-03-31,70542200.0
823,2022-04-01,68939865.0
824,2022-04-02,66257148.0
825,2022-04-03,64870166.0
826,2022-04-04,58857658.0
827,2022-04-05,54216723.0
828,2022-04-06,49255612.0
829,2022-04-07,47067012.0
830,2022-04-08,46998687.0
831,2022-04-09,46601419.0
832,2022-04-10,45473033.0
833,2022-04-11,45420685.0
834,2022-04-12,44578511.0
835,2022-04-13,43284655.0
836,2022-04-14,41890367.0
837,2022-04-15,39398511.0
838,2022-04-16,37943529.0
839,2022-04-17,37236556.0
840,2022-04-18,36537876.0
841,2022-04-19,37122916.0
842,2022-04-20,37341387.0
843,2022-04-21,38504422.0
844,2022-04-22,40374974.0
845,2022-04-23,41563652.0
846,2022-04-24,42237096.0
847,2022-04-25,42451189.0
848,2022-04-26,41777235.0
849,2022-04-27,43404163.0
850,2022-04-28,43013487.0
851,2022-04-29,43387300.0
852,2022-04-30,42431008.0
853,2022-05-01,41806229.0
854,2022-05-02,39846763.0
855,2022-05-03,37571788.0
856,2022-05-04,33758887.0
857,2022-05-05,31317886.0
858,2022-05-06,29290639.0
859,2022-05-07,28659754.0
860,2022-05-08,28286079.0
861,2022-05-09,28876322.0
862,2022-05-10,29487048.0
863,2022-05-11,31204723.0
864,2022-05-12,32075426.0
865,2022-05-13,31815164.0
866,2022-05-14,31642299.0
867,2022-05-15,31505837.0
868,2022-05-16,31529639.0
869,2022-05-17,31590368.0
870,2022-05-18,31144142.0
871,2022-05-19,31162257.0
872,2022-05-20,31580054.0
873,2022-05-21,31715689.0
874,2022-05-22,31954786.0
875,2022-05-23,31832961.0
876,2022-05-24,31449260.0
877,2022-05-25,30710837.0
878,2022-05-26,29891140.0
879,2022-05-27,30034026.0
880,2022-05-28,29716735.0
881,2022-05-29,28916849.0
882,2022-05-30,28353255.0
883,2022-05-31,28316049.0
884,2022-06-01,28426055.0
885,2022-06-02,27647720.0
886,2022-06-03,26243976.0
887,2022-06-04,27826095.0
888,2022-06-05,30258194.0
889,2022-06-06,32989345.0
890,2022-06-07,36017097.0
891,2022-06-08,37305158.0
892,2022-06-09,39477656.0
893,2022-06-10,40628850.0
894,2022-06-11,39523475.0
895,2022-06-12,37862057.0
896,2022-06-13,35949533.0
897,2022-06-14,33214312.0
898,2022-06-15,31999114.0
899,2022-06-16,31010949.0
900,2022-06-17,30452942.0
901,2022-06-18,30098298.0
902,2022-06-19,29306874.0
903,2022-06-20,30611771.0
904,2022-06-21,32254981.0
905,2022-06-22,34283521.0
906,2022-06-23,36174948.0
907,2022-06-24,38269875.0
908,2022-06-25,40066614.0
909,2022-06-26,42327318.0
910,2022-06-27,41294704.0
911,2022-06-28,40839788.0
912,2022-06-29,39752683.0
913,2022-06-30,37779164.0
914,2022-07-01,35643762.0
915,2022-07-02,33598661.0
916,2022-07-03,31648191.0
917,2022-07-04,31073131.0
918,2022-07-05,29867930.0
919,2022-07-06,28958003.0
920,2022-07-07,29059728.0
921,2022-07-08,29770545.0
922,2022-07-09,30013298.0
923,2022-07-10,30058763.0
924,2022-07-11,30774106.0
925,2022-07-12,30189671.0
926,2022-07-13,30195465.0
927,2022-07-14,31135248.0
928,2022-07-15,31412290.0
929,2022-07-16,31660752.0
930,2022-07-17,32198926.0
931,2022-07-18,34078043.0
932,2022-07-19,37414723.0
933,2022-07-20,39037793.0
934,2022-07-21,39787954.0
935,2022-07-22,40941507.0
936,2022-07-23,42433973.0
937,2022-07-24,43249574.0
938,2022-07-25,41344914.0
939,2022-07-26,39637332.0
940,2022-07-27,39067956.0
941,2022-07-28,38789406.0
942,2022-07-29,38247761.0
943,2022-07-30,37827929.0
944,2022-07-31,37447442.0
945,2022-08-01,36603609.0
946,2022-08-02,35818708.0
947,2022-08-03,35330811.0
948,2022-08-04,34286344.0
949,2022-08-05,33777224.0
950,2022-08-06,33100010.0
951,2022-08-07,32733520.0
952,2022-08-08,33646362.0
953,2022-08-09,33385525.0
954,2022-08-10,32032530.0
955,2022-08-11,31161922.0
956,2022-08-12,29756629.0
957,2022-08-13,28906059.0
958,2022-08-14,28556647.0
959,2022-08-15,27747561.0
960,2022-08-16,26581853.0
961,2022-08-17,27523943.0
962,2022-08-18,28359359.0
963,2022-08-19,28762984.0
964,2022-08-20,28351178.0
965,2022-08-21,28489643.0
966,2022-08-22,29064453.0
967,2022-08-23,30048260.0
968,2022-08-24,29547440.0
969,2022-08-25,28447409.0
970,2022-08-26,28359206.0
971,2022-08-27,28746483.0
972,2022-08-28,28410287.0
973,2022-08-29,28357582.0
974,2022-08-30,28102200.0
975,2022-08-31,27721987.0
976,2022-09-01,26689343.0
977,2022-09-02,25658175.0
978,2022-09-03,25253957.0
979,2022-09-04,24672054.0
980,2022-09-05,23638385.0
981,2022-09-06,22484001.0
982,2022-09-07,21813652.0
983,2022-09-08,22871322.0
984,2022-09-09,23196234.0
985,2022-09-10,22819926.0
986,2022-09-11,22643894.0
987,2022-09-12,22781090.0
988,2022-09-13,23361101.0
989,2022-09-14,23636603.0
990,2022-09-15,23524286.0
991,2022-09-16,23139554.0
992,2022-09-17,23942678.0
993,2022-09-18,24208020.0
994,2022-09-19,23873131.0
995,2022-09-20,23902554.0
996,2022-09-21,23981641.0
997,2022-09-22,23847535.0
998,2022-09-23,24146212.0
999,2022-09-24,23747529.0
1000,2022-09-25,23936115.0
1001,2022-09-26,24844604.0
1002,2022-09-27,25343034.0
1003,2022-09-28,26122013.0
1004,2022-09-29,27082275.0
1005,2022-09-30,28739028.0
1006,2022-10-01,29005101.0
1007,2022-10-02,29459164.0
1008,2022-10-03,29155426.0
1009,2022-10-04,29194210.0
1010,2022-10-05,28949192.0
1011,2022-10-06,27330634.0
1012,2022-10-07,25323740.0
1013,2022-10-08,22037142.0
1014,2022-10-09,21056606.0
1015,2022-10-10,19985946.0
1016,2022-10-11,18886986.0
1017,2022-10-12,18188753.0
1018,2022-10-13,18362497.0
1019,2022-10-14,18601036.0
1020,2022-10-15,18881517.0
1021,2022-10-16,19115290.0
1022,2022-10-17,19600995.0
1023,2022-10-18,19852504.0
1024,2022-10-19,19812750.0
1025,2022-10-20,19831158.0
1026,2022-10-21,19609285.0
1027,2022-10-22,19461024.0
1028,2022-10-23,19218037.0
1029,2022-10-24,19112577.0
1030,2022-10-25,19091444.0
1031,2022-10-26,19167785.0
1032,2022-10-27,19502356.0
1033,2022-10-28,19796105.0
1034,2022-10-29,19424661.0
1035,2022-10-30,19576702.0
1036,2022-10-31,19323339.0
1037,2022-11-01,18998847.0
1038,2022-11-02,18531736.0
1039,2022-11-03,17775820.0
1040,2022-11-04,17255367.0
1041,2022-11-05,17169196.0
1042,2022-11-06,16616431.0
1043,2022-11-07,16172380.0
1044,2022-11-08,15750716.0
1045,2022-11-09,15899269.0
1046,2022-11-10,15777785.0
1047,2022-11-11,15491626.0
1048,2022-11-12,15299939.0
1049,2022-11-13,15238941.0
1050,2022-11-14,15302107.0
1051,2022-11-15,15639844.0
1052,2022-11-16,15420465.0
1053,2022-11-17,15369357.0
1054,2022-11-18,15483413.0
1055,2022-11-19,15633509.0
1056,2022-11-20,16014631.0
1057,2022-11-21,16569363.0
1058,2022-11-22,16878505.0
1059,2022-11-23,16944274.0
1060,2022-11-24,17309420.0
1061,2022-11-25,17696660.0
1062,2022-11-26,18173351.0
1063,2022-11-27,18231752.0
1064,2022-11-28,18058274.0
1065,2022-11-29,17852312.0
1066,2022-11-30,18631682.0
1067,2022-12-01,20389477.0
1068,2022-12-02,21994230.0
1069,2022-12-03,24194311.0
1070,2022-12-04,27118079.0
1071,2022-12-05,26851202.0
1072,2022-12-06,26668586.0
1073,2022-12-07,25910409.0
1074,2022-12-08,24046238.0
1075,2022-12-09,22479905.0
1076,2022-12-10,20263206.0
1077,2022-12-11,17419781.0
1078,2022-12-12,17922523.0
1079,2022-12-13,18499720.0
1080,2022-12-14,18935274.0
1081,2022-12-15,19168256.0
1082,2022-12-16,20070620.0
1083,2022-12-17,19783912.0
1084,2022-12-18,20636196.0
1085,2022-12-19,19969733.0
1086,2022-12-20,20349537.0
1087,2022-12-21,21093438.0
1088,2022-12-22,21174825.0
1089,2022-12-23,20145308.0
1090,2022-12-24,19794313.0
1091,2022-12-25,18323855.0
1092,2022-12-26,18211984.0
1093,2022-12-27,16942136.0
1094,2022-12-28,15171298.0
1095,2022-12-29,14084603.0
1096,2022-12-30,12896067.0
1097,2022-12-31,12056747.0
1098,2023-01-01,11537788.0
1099,2023-01-02,14615582.0
1100,2023-01-03,14032274.0
1101,2023-01-04,14174112.0
1102,2023-01-05,15034842.0
1103,2023-01-06,16419131.0
1104,2023-01-07,17258438.0
1105,2023-01-08,17947756.0
1106,2023-01-09,15012150.0
1107,2023-01-10,16155278.0
1108,2023-01-11,16725320.0
1109,2023-01-12,16622133.0
1110,2023-01-13,15601108.0
1111,2023-01-14,15227932.0
1112,2023-01-15,14943274.0
1113,2023-01-16,15347560.0
1114,2023-01-17,14694633.0
1115,2023-01-18,13904699.0
1116,2023-01-19,13245072.0
1117,2023-01-20,13137554.0
1118,2023-01-21,13203335.0
1119,2023-01-22,13373017.0
1120,2023-01-23,11963130.0
1121,2023-01-24,11240833.0
1122,2023-01-25,11076351.0
1123,2023-01-26,10519784.0
1124,2023-01-27,9956648.0
1125,2023-01-28,9469049.0
1126,2023-01-29,8982859.0
1127,2023-01-30,9602267.0
1128,2023-01-31,9959154.0
1129,2023-02-01,9425954.0
1130,2023-02-02,9205666.0
1131,2023-02-03,9304929.0
1132,2023-02-04,9176770.0
1133,2023-02-05,9082038.0
1134,2023-02-06,8352018.0
1135,2023-02-07,7773730.0
1136,2023-02-08,7645817.0
1137,2023-02-09,7549960.0
1138,2023-02-10,6828192.0
1139,2023-02-11,6565475.0
1140,2023-02-12,6355113.0
1141,2023-02-13,6221829.0
1142,2023-02-14,6363749.0
1143,2023-02-15,6323649.0
1144,2023-02-16,6277797.0
1145,2023-02-17,6212365.0
1146,2023-02-18,6277701.0
1147,2023-02-19,6315302.0
1148,2023-02-20,6124676.0
1149,2023-02-21,6074936.0
1150,2023-02-22,5899045.0
1151,2023-02-23,5744091.0
1152,2023-02-24,5753289.0
1153,2023-02-25,6011211.0
1154,2023-02-26,6280329.0
1155,2023-02-27,6551593.0
1156,2023-02-28,6504005.0
1157,2023-03-01,6770751.0
1158,2023-03-02,7019602.0
1159,2023-03-03,7115226.0
1160,2023-03-04,6727518.0
1161,2023-03-05,6394100.0
1162,2023-03-06,6154714.0
1163,2023-03-07,5921452.0
1164,2023-03-08,5719746.0
1165,2023-03-09,5606613.0
1166,2023-03-10,6531502.0
1167,2023-03-11,8017824.0
1168,2023-03-12,9201286.0
1169,2023-03-13,10004648.0
1170,2023-03-14,11171861.0
1171,2023-03-15,12289215.0
1172,2023-03-16,13345796.0
1173,2023-03-17,13353012.0
1174,2023-03-18,13038399.0
1175,2023-03-19,12999280.0
1176,2023-03-20,5799520.0
1177,2023-03-21,5900064.0
1178,2023-03-22,6068747.0
1179,2023-03-23,6106252.0
1180,2023-03-24,6250167.0
1181,2023-03-25,6407258.0
1182,2023-03-26,6565231.0
1183,2023-03-27,6415461.0
1184,2023-03-28,6327944.0
1185,2023-03-29,6236550.0
1186,2023-03-30,6146317.0
1187,2023-03-31,6062749.0
1188,2023-04-01,5967166.0
1189,2023-04-02,5882953.0
1190,2023-04-03,5195251.0
1191,2023-04-04,5078507.0
1192,2023-04-05,4942661.0
1193,2023-04-06,4795551.0
1194,2023-04-07,4630603.0
1195,2023-04-08,4490703.0
1196,2023-04-09,4362464.0
1197,2023-04-10,4275078.0
1198,2023-04-11,4259708.0
1199,2023-04-12,4246727.0
1200,2023-04-13,4256662.0
1201,2023-04-14,4275605.0
1202,2023-04-15,4280082.0
1203,2023-04-16,4287835.0
1204,2023-04-17,4336262.0
1205,2023-04-18,4353631.0
1206,2023-04-19,4234971.0
1207,2023-04-20,4137249.0
1208,2023-04-21,4046285.0
1209,2023-04-22,3958267.0
1210,2023-04-23,3868599.0
1211,2023-04-24,3823571.0
1212,2023-04-25,3777606.0
1213,2023-04-26,3795553.0
1214,2023-04-27,3853286.0
1215,2023-04-28,3932045.0
1216,2023-04-29,3962330.0
1217,2023-04-30,4002361.0
1218,2023-05-01,3800426.0
1219,2023-05-02,3782167.0
1220,2023-05-03,3739587.0
1221,2023-05-04,3697340.0
1222,2023-05-05,3645329.0
1223,2023-05-06,3631585.0
1224,2023-05-07,3607217.0
1225,2023-05-08,3934973.0
1226,2023-05-09,4233679.0
1227,2023-05-10,4374263.0
1228,2023-05-11,4764055.0
1229,2023-05-12,5148574.0
1230,2023-05-13,5492490.0
1231,2023-05-14,5873542.0
1232,2023-05-15,5850735.0
1233,2023-05-16,5895313.0
1234,2023-05-17,5926292.0
1235,2023-05-18,5958077.0
1236,2023-05-19,5991851.0
1237,2023-05-20,6014108.0
1238,2023-05-21,6035954.0
1239,2023-05-22,6062929.0
1240,2023-05-23,6051040.0
1241,2023-05-24,6079276.0
1242,2023-05-25,6100470.0
1243,2023-05-26,6120731.0
1244,2023-05-27,6139687.0
1245,2023-05-28,6171719.0
1246,2023-05-29,3353410.0
1247,2023-05-30,3432258.0
1248,2023-05-31,3486571.0
1249,2023-06-01,3543155.0
1250,2023-06-02,3559265.0
1251,2023-06-03,3586132.0
1252,2023-06-04,3636776.0
1253,2023-06-05,3454519.0
1254,2023-06-06,3441699.0
1255,2023-06-07,3352549.0
1256,2023-06-08,3263404.0
1257,2023-06-09,3211934.0
1258,2023-06-10,3161354.0
1259,2023-06-11,3100367.0
1260,2023-06-12,2996151.0
1261,2023-06-13,2909633.0
1262,2023-06-14,2932648.0
1263,2023-06-15,2937258.0
1264,2023-06-16,2908689.0
1265,2023-06-17,2884718.0
1266,2023-06-18,2840026.0
1267,2023-06-19,2752223.0
1268,2023-06-20,2681490.0
1269,2023-06-21,2531411.0
1270,2023-06-22,2390658.0
1271,2023-06-23,2274843.0
1272,2023-06-24,2158780.0
1273,2023-06-25,2050294.0
1274,2023-06-26,1984710.0
1275,2023-06-27,1867141.0
1276,2023-06-28,1814509.0
1277,2023-06-29,1775636.0
1278,2023-06-30,1747117.0
1279,2023-07-01,1715890.0
1280,2023-07-02,1686924.0
1281,2023-07-03,1539661.0
1282,2023-07-04,1537373.0
1283,2023-07-05,1539813.0
1284,2023-07-06,1543228.0
1285,2023-07-07,1617717.0
1286,2023-07-08,1689951.0
1287,2023-07-09,1868625.0
1288,2023-07-10,2029148.0
1289,2023-07-11,2189195.0
1290,2023-07-12,2201822.0
1291,2023-07-13,2174773.0
1292,2023-07-14,2087052.0
1293,2023-07-15,2004264.0
1294,2023-07-16,1829250.0
1295,2023-07-17,1666746.0
1296,2023-07-18,1504280.0
1297,2023-07-19,1480037.0
1298,2023-07-20,1482092.0
1299,2023-07-21,1476057.0
1300,2023-07-22,1469472.0
1301,2023-07-23,1454223.0
1302,2023-07-24,1399712.0
1303,2023-07-25,1385068.0
1304,2023-07-26,1305661.0
1305,2023-07-27,1291600.0
1306,2023-07-28,1277513.0
1307,2023-07-29,1264111.0
1308,2023-07-30,1244125.0
1309,2023-07-31,1225050.0
1310,2023-08-01,1211097.0
1311,2023-08-02,1202044.0
1312,2023-08-03,1194178.0
1313,2023-08-04,1181075.0
1314,2023-08-05,1166095.0
1315,2023-08-06,1153389.0
1316,2023-08-07,1066024.0
1317,2023-08-08,1062922.0
1318,2023-08-09,1066959.0
1319,2023-08-10,1063963.0
1320,2023-08-11,1073630.0
1321,2023-08-12,1073084.0
1322,2023-08-13,1080495.0
1323,2023-08-14,1090398.0
1324,2023-08-15,1098761.0
1325,2023-08-16,1117565.0
1326,2023-08-17,1146719.0
1327,2023-08-18,1171312.0
1328,2023-08-19,1197258.0
1329,2023-08-20,1224715.0
1330,2023-08-21,1231106.0
1331,2023-08-22,1091784.0
1332,2023-08-23,1093088.0
1333,2023-08-24,1084502.0
1334,2023-08-25,1079232.0
1335,2023-08-26,1071802.0
1336,2023-08-27,1059547.0
1337,2023-08-28,1063064.0
1338,2023-08-29,1067879.0
1339,2023-08-30,1065420.0
1340,2023-08-31,1070950.0
1341,2023-09-01,1082228.0
1342,2023-09-02,1082470.0
1343,2023-09-03,1079781.0
1344,2023-09-04,1053798.0
1345,2023-09-05,1046905.0
1346,2023-09-06,1056467.0
1347,2023-09-07,1060701.0
1348,2023-09-08,1062093.0
1349,2023-09-09,1062985.0
1350,2023-09-10,1073321.0
1351,2023-09-11,1071367.0
1352,2023-09-12,1075963.0
1353,2023-09-13,1062121.0
1354,2023-09-14,1050650.0
1355,2023-09-15,1039412.0
1356,2023-09-16,1024691.0
1357,2023-09-17,1012678.0
1358,2023-09-18,1054361.0
1359,2023-09-19,1095337.0
1360,2023-09-20,1130149.0
1361,2023-09-21,1168991.0
1362,2023-09-22,1213102.0
1363,2023-09-23,1256934.0
1364,2023-09-24,1290069.0
1365,2023-09-25,1150483.0
1366,2023-09-26,1163504.0
1367,2023-09-27,1145773.0
1368,2023-09-28,1160875.0
1369,2023-09-29,1174113.0
1370,2023-09-30,1124733.0
1371,2023-10-01,1104103.0
1372,2023-10-02,1044568.0
1373,2023-10-03,1007949.0
1374,2023-10-04,982770.0
1375,2023-10-05,960100.0
1376,2023-10-06,927450.0
1377,2023-10-07,890060.0
1378,2023-10-08,852386.0
1379,2023-10-09,861005.0
1380,2023-10-10,866104.0
1381,2023-10-11,992007.0
1382,2023-10-12,997515.0
1383,2023-10-13,993090.0
1384,2023-10-14,997643.0
1385,2023-10-15,1010040.0
1386,2023-10-16,996443.0
1387,2023-10-17,1068539.0
1388,2023-10-18,1113478.0
1389,2023-10-19,1180340.0
1390,2023-10-20,1262933.0
1391,2023-10-21,1335679.0
1392,2023-10-22,1400416.0
1393,2023-10-23,1452345.0
1394,2023-10-24,1442066.0
1395,2023-10-25,1378078.0
1396,2023-10-26,1299557.0
1397,2023-10-27,1224206.0
1398,2023-10-28,1145000.0
1399,2023-10-29,1077861.0
1400,2023-10-30,1000834.0
1401,2023-10-31,967779.0
1402,2023-11-01,966499.0
1403,2023-11-02,1038805.0
1404,2023-11-03,1067629.0
1405,2023-11-04,1101872.0
1406,2023-11-05,1146842.0
1407,2023-11-06,1124619.0
1408,2023-11-07,1149005.0
1409,2023-11-08,1199441.0
1410,2023-11-09,1188344.0
1411,2023-11-10,1203660.0
1412,2023-11-11,1212452.0
1413,2023-11-12,1226426.0
1414,2023-11-13,1210499.0
1415,2023-11-14,1181998.0
1416,2023-11-15,1115703.0
1417,2023-11-16,1075950.0
1418,2023-11-17,1033373.0
1419,2023-11-18,992739.0
1420,2023-11-19,954666.0
1421,2023-11-20,910737.0
1422,2023-11-21,863426.0
1423,2023-11-22,837710.0
1424,2023-11-23,806854.0
1425,2023-11-24,779079.0
1426,2023-11-25,762276.0
1427,2023-11-26,751346.0
1428,2023-11-27,737595.0
1429,2023-11-28,723647.0
1430,2023-11-29,682378.0
1431,2023-11-30,662961.0
1432,2023-12-01,643166.0
1433,2023-12-02,626609.0
1434,2023-12-03,611113.0
1435,2023-12-04,596851.0
1436,2023-12-05,584073.0
1437,2023-12-06,569071.0
1438,2023-12-07,555430.0
1439,2023-12-08,544924.0
1440,2023-12-09,540002.0
1441,2023-12-10,537711.0
1442,2023-12-11,560560.0
1443,2023-12-12,562034.0
1444,2023-12-13,496193.0
1445,2023-12-14,487961.0
1446,2023-12-15,480285.0
1447,2023-12-16,469937.0
1448,2023-12-17,460493.0
1449,2023-12-18,415846.0
1450,2023-12-19,401360.0
1451,2023-12-20,431653.0
1452,2023-12-21,415539.0
1453,2023-12-22,401943.0
1454,2023-12-23,392170.0
1455,2023-12-24,284294.0
1456,2023-12-25,275710.0
1457,2023-12-26,264036.0
1458,2023-12-27,211832.0
1459,2023-12-28,237992.0
1460,2023-12-29,234596.0
1461,2023-12-30,226121.0
1462,2023-12-31,222869.0
1463,2024-01-01,99675.0
1464,2024-01-02,100778.0
1465,2024-01-03,113417.0
1466,2024-01-04,90098.0
1467,2024-01-05,94538.0
1468,2024-01-06,96735.0
1469,2024-01-07,98882.0
1470,2024-01-08,106793.0
1471,2024-01-09,114228.0
1472,2024-01-10,119843.0
1473,2024-01-11,122357.0
1474,2024-01-12,125552.0
1475,2024-01-13,124186.0
1476,2024-01-14,122252.0
1477,2024-01-15,128111.0
1478,2024-01-16,130852.0
1479,2024-01-17,135406.0
1480,2024-01-18,140177.0
1481,2024-01-19,146266.0
1482,2024-01-20,144791.0
1483,2024-01-21,144207.0
1484,2024-01-22,148917.0
1485,2024-01-23,164745.0
1486,2024-01-24,147372.0
1487,2024-01-25,146134.0
1488,2024-01-26,142709.0
1489,2024-01-27,139794.0
1490,2024-01-28,70969.0
1491,2024-01-29,67808.0
1492,2024-01-30,54331.0
1493,2024-01-31,50627.0
1494,2024-02-01,45260.0
1495,2024-02-02,41006.0
1496,2024-02-03,40616.0
1497,2024-02-04,40619.0
1498,2024-02-05,38139.0
1499,2024-02-06,44026.0
1500,2024-02-07,42098.0
1501,2024-02-08,39766.0
1502,2024-02-09,38146.0
1503,2024-02-10,37302.0
1504,2024-02-11,36336.0
1505,2024-02-12,35469.0
1506,2024-02-13,28485.0
1507,2024-02-14,27515.0
1508,2024-02-15,26056.0
1509,2024-02-16,26080.0
1510,2024-02-17,26382.0
1511,2024-02-18,26884.0
1512,2024-02-19,26290.0
1513,2024-02-20,26677.0
1514,2024-02-21,27186.0
1515,2024-02-22,27277.0
1516,2024-02-23,26824.0
1517,2024-02-24,26166.0
1518,2024-02-25,25371.0
1519,2024-02-26,24947.0
1520,2024-02-27,19004.0
1521,2024-02-28,20188.0
1522,2024-02-29,19768.0
1523,2024-03-01,19225.0
1524,2024-03-02,19212.0
1525,2024-03-03,19276.0
1526,2024-03-04,19657.0
1527,2024-03-05,19797.0
1528,2024-03-06,17840.0
1529,2024-03-07,17452.0
1530,2024-03-08,17858.0
1531,2024-03-09,18773.0
1532,2024-03-10,20372.0
1533,2024-03-11,21858.0
1534,2024-03-12,23591.0
1535,2024-03-13,29151.0
1536,2024-03-14,31324.0
1537,2024-03-15,33874.0
1538,2024-03-16,36249.0
1539,2024-03-17,38739.0
1540,2024-03-18,38560.0
1541,2024-03-19,43712.0
1542,2024-03-20,44288.0
1543,2024-03-21,47120.0
1544,2024-03-22,47804.0
1545,2024-03-23,47713.0
1546,2024-03-24,47236.0
1547,2024-03-25,49188.0
1548,2024-03-26,43443.0
1549,2024-03-27,44054.0
1550,2024-03-28,43231.0
1551,2024-03-29,40633.0
1552,2024-03-30,38506.0
1553,2024-03-31,36979.0
1554,2024-04-01,36649.0
1555,2024-04-02,37298.0
1556,2024-04-03,34318.0
1557,2024-04-04,31412.0
1558,2024-04-05,31684.0
1559,2024-04-06,32692.0
1560,2024-04-07,32970.0
1561,2024-04-08,32390.0
1562,2024-04-09,34277.0
1563,2024-04-10,32374.0
1564,2024-04-11,33770.0
1565,2024-04-12,34664.0
1566,2024-04-13,27646.0
1567,2024-04-14,27407.0
1568,2024-04-15,27127.0
1569,2024-04-16,25522.0
1570,2024-04-17,30442.0
1571,2024-04-18,31345.0
1572,2024-04-19,32210.0
1573,2024-04-20,32468.0
1574,2024-04-21,32683.0
1575,2024-04-22,36044.0
1576,2024-04-23,41918.0
1577,2024-04-24,37924.0
1578,2024-04-25,36122.0
1579,2024-04-26,34963.0
1580,2024-04-27,34693.0
1581,2024-04-28,34014.0
1582,2024-04-29,36258.0
1583,2024-04-30,29787.0
1584,2024-05-01,28513.0
1585,2024-05-02,29338.0
1586,2024-05-03,29517.0
1587,2024-05-04,30045.0
1588,2024-05-05,30195.0
1589,2024-05-06,24370.0
1590,2024-05-07,25606.0
1591,2024-05-08,34143.0
1592,2024-05-09,32917.0
1593,2024-05-10,32768.0
1594,2024-05-11,31910.0
1595,2024-05-12,33229.0
1596,2024-05-13,34681.0
1597,2024-05-14,34352.0
1598,2024-05-15,38214.0
1599,2024-05-16,50264.0
1600,2024-05-17,53679.0
1601,2024-05-18,56675.0
1602,2024-05-19,56254.0
1603,2024-05-20,54924.0
1604,2024-05-21,53418.0
1605,2024-05-22,43583.0
1606,2024-05-23,36143.0
1607,2024-05-24,35545.0
1608,2024-05-25,34466.0
1609,2024-05-26,33864.0
1610,2024-05-27,33736.0
1611,2024-05-28,36269.0
1612,2024-05-29,36008.0
1613,2024-05-30,49127.0
1614,2024-05-31,48663.0
1615,2024-06-01,48663.0
1616,2024-06-02,48557.0
1617,2024-06-03,48400.0
1618,2024-06-04,47796.0
1619,2024-06-05,47152.0
1620,2024-06-06,30024.0
1621,2024-06-07,28285.0
1622,2024-06-08,27020.0
1623,2024-06-09,28136.0
1624,2024-06-10,29586.0
1625,2024-06-11,28851.0
1626,2024-06-12,27917.0
1627,2024-06-13,26833.0
1628,2024-06-14,25761.0
1629,2024-06-15,24701.0
1630,2024-06-16,23635.0
1631,2024-06-17,22727.0
1632,2024-06-18,31514.0
1633,2024-06-19,40314.0
1634,2024-06-20,50028.0
1635,2024-06-21,51019.0
1636,2024-06-22,51655.0
1637,2024-06-23,51199.0
1638,2024-06-24,49767.0
1639,2024-06-25,39781.0
1640,2024-06-26,33156.0
1641,2024-06-27,24096.0
1642,2024-06-28,23792.0
1643,2024-06-29,23048.0
1644,2024-06-30,22274.0
1645,2024-07-01,24878.0
1646,2024-07-02,23686.0
1647,2024-07-03,20086.0
1648,2024-07-04,20191.0
1649,2024-07-05,19154.0
1650,2024-07-06,18886.0
1651,2024-07-07,18867.0
1652,2024-07-08,18411.0
1653,2024-07-09,18896.0
1654,2024-07-10,18399.0
1655,2024-07-11,16178.0
1656,2024-07-12,15111.0
1657,2024-07-13,14059.0
1658,2024-07-14,13891.0
1659,2024-07-15,11567.0
1660,2024-07-16,10762.0
1661,2024-07-17,9983.0
1662,2024-07-18,9595.0
1663,2024-07-19,9212.0
1664,2024-07-20,8823.0
1665,2024-07-21,8444.0
1666,2024-07-22,8204.0
1667,2024-07-23,8133.0
1668,2024-07-24,8104.0
1669,2024-07-25,6309.0
1670,2024-07-26,6248.0
1671,2024-07-27,6188.0
1672,2024-07-28,6145.0
1673,2024-07-29,6046.0
1674,2024-07-30,5935.0
1675,2024-07-31,5792.0
1676,2024-08-01,5650.0
1677,2024-08-02,5543.0
1678,2024-08-03,5436.0
1679,2024-08-04,5319.0
1680,2024-08-05,5306.0
1681,2024-08-06,5305.0
1682,2024-08-07,5298.0
1683,2024-08-08,5377.0
1684,2024-08-09,1348.0
1685,2024-08-10,1359.0
1686,2024-08-11,1168.0
1687,2024-08-12,36.0
1688,2024-08-13,13.0
1689,2024-08-14,13.0
1690,2024-08-15,0.0
1691,2024-08-16,0.0
1692,2024-08-17,0.0
1693,2024-08-18,0.0
1694,2024-08-19,0.0
1695,2024-08-20,0.0
1696,2024-08-21,0.0
1697,2024-08-22,0.0
1698,2024-08-23,0.0
1699,2024-08-24,0.0
1700,2024-08-25,0.0
1701,2024-08-26,0.0
1702,2024-08-27,0.0
1703,2024-08-28,0.0
1704,2024-08-29,0.0
1705,2024-08-30,0.0
1706,2024-08-31,0.0
1707,2024-09-01,0.0
1708,2024-09-02,0.0
1709,2024-09-03,0.0
1710,2024-09-04,0.0
1711,2024-09-05,0.0
1712,2024-09-06,0.0
1713,2024-09-07,0.0
1714,2024-09-08,0.0
1715,2024-09-09,0.0
1716,2024-09-10,0.0
1717,2024-09-11,0.0
1718,2024-09-12,0.0
1719,2024-09-13,0.0
1720,2024-09-14,0.0
1721,2024-09-15,0.0
1722,2024-09-16,0.0
1723,2024-09-17,0.0
1724,2024-09-18,0.0
1725,2024-09-19,0.0
1726,2024-09-20,0.0
1727,2024-09-21,0.0
1728,2024-09-22,0.0
1729,2024-09-23,0.0
1730,2024-09-24,0.0
1731,2024-09-25,0.0
1732,2024-09-26,0.0
1733,2024-09-27,0.0
1734,2024-09-28,0.0
1735,2024-09-29,0.0
1736,2024-09-30,0.0
1737,2024-10-01,0.0
1738,2024-10-02,0.0
1739,2024-10-03,0.0
1740,2024-10-04,0.0
1741,2024-10-05,0.0
1742,2024-10-06,0.0
1743,2024-10-07,0.0
1744,2024-10-08,0.0
1745,2024-10-09,0.0
1746,2024-10-10,0.0
1747,2024-10-11,0.0
1748,2024-10-12,0.0
1749,2024-10-13,0.0
1750,2024-10-14,0.0
1751,2024-10-15,0.0
1752,2024-10-16,0.0
1753,2024-10-17,0.0
1754,2024-10-18,0.0
1755,2024-10-19,0.0
1756,2024-10-20,0.0
1757,2024-10-21,0.0
1758,2024-10-22,0.0
1759,2024-10-23,0.0
1760,2024-10-24,0.0
1761,2024-10-25,0.0
1762,2024-10-26,0.0
1763,2024-10-27,0.0
1764,2024-10-28,0.0
1765,2024-10-29,0.0
1766,2024-10-30,0.0
1767,2024-10-31,0.0
1768,2024-11-01,0.0
1769,2024-11-02,0.0
1770,2024-11-03,0.0
1771,2024-11-04,0.0
1772,2024-11-05,0.0
1773,2024-11-06,0.0
1774,2024-11-07,0.0
1775,2024-11-08,0.0
1776,2024-11-09,0.0
1777,2024-11-10,0.0
1778,2024-11-11,0.0
1779,2024-11-12,0.0
1780,2024-11-13,0.0
1781,2024-11-14,0.0
1782,2024-11-15,0.0
1783,2024-11-16,0.0
1784,2024-11-17,0.0
1785,2024-11-18,0.0
1786,2024-11-19,0.0
1787,2024-11-20,0.0
1788,2024-11-21,0.0
1789,2024-11-22,0.0
1790,2024-11-23,0.0
1791,2024-11-24,0.0
1792,2024-11-25,0.0
1793,2024-11-26,0.0
1794,2024-11-27,0.0
1795,2024-11-28,0.0
1796,2024-11-29,0.0
